{"cameraMode":{"drawMode":0,"name":"Shaded","section":"Shading Mode"},"sceneLighting":false,"audioPlay":false,"sceneViewState":{"m_AlwaysRefresh":false,"showFog":true,"showSkybox":false,"showFlares":true,"showImageEffects":true,"showParticleSystems":true,"showVisualEffectGraphs":true,"m_FxEnabled":true},"in2DMode":false,"pivot":{"x":-0.34403854608535769,"y":0.0603308379650116,"z":-0.344600111246109},"rotation":{"x":0.09529398381710053,"y":0.1072937399148941,"z":-0.010332005098462105,"w":0.9895949363708496},"size":0.1897248476743698,"orthographic":true}