{"cameraMode":{"drawMode":0,"name":"Shaded","section":"Shading Mode"},"sceneLighting":true,"audioPlay":false,"sceneViewState":{"m_AlwaysRefresh":false,"showFog":true,"showSkybox":true,"showFlares":true,"showImageEffects":true,"showParticleSystems":true,"showVisualEffectGraphs":true,"m_FxEnabled":true},"in2DMode":false,"pivot":{"x":6.328711986541748,"y":16.092578887939454,"z":-29.909812927246095},"rotation":{"x":0.2025795429944992,"y":-0.008813261985778809,"z":0.001823242986574769,"w":0.9792234897613525},"size":5.536486625671387,"orthographic":true}