{"cameraMode":{"drawMode":0,"name":"Shaded","section":"Shading Mode"},"sceneLighting":false,"audioPlay":false,"sceneViewState":{"m_AlwaysRefresh":false,"showFog":true,"showSkybox":false,"showFlares":true,"showImageEffects":true,"showParticleSystems":true,"showVisualEffectGraphs":true,"m_FxEnabled":true},"in2DMode":false,"pivot":{"x":-13.051321983337403,"y":15.772253036499024,"z":-51.885047912597659},"rotation":{"x":0.10419635474681854,"y":0.10719640552997589,"z":-0.011297211982309819,"w":0.9886971116065979},"size":0.000017320508050033823,"orthographic":true}